{
    "nationalElectionType": {
        "cec": {
            "Chairman": 10000000,
            "Vice Chairman": 5000000,
            "2nd Vice Chairman": 5000000,
            "Vice Chairman Karamoja Region": 2500000,
            "Vice Chairman Eastern Region": 2500000,
            "Vice Chairman Northern Region": 2500000,
            "Vice Chairman Central Region": 2500000,
            "Vice Chairman Kampala Region": 2500000,
            "Vice Chairman Western Region": 2500000
        },
        "leagues": {
            "Elders": 500000,
            "Youth": 500000,
            "Women": 500000,
            "PWDS": 500000,
            "Veterans": 500000,
            "Workers": 500000,
            "Entrepreneurs": 500000,
            "Historicals": 500000,
            "Diaspora": 500000,
            "Institutions": 500000
        },
        "presidential": 10000000,
        "sigmps": {
            "Workers MP": 3500,
            "PWDS MP": 3400,
            "YOUTH MP": 3300,
            "OLDER PERSONS MP": 3250
        },
        "eala": 4000,
        "speakership": 4500,
        "parliamentaryCaucus": 3700
    },
    "districtElectionType": {
        "partyStructure": {
            "youth": {
                "chairman": 200000,
                "vice chairman": 150000,
                "secretary finance": 150000,
                "general secretary": 150000,
                "secretary publicity": 150000
            },
            "women": {
                "chairman": 200000,
                "vice chairman": 150000,
                "secretary finance": 150000,
                "general secretary": 150000,
                "secretary publicity": 150000
            },
            "pwds": {
                "chairman": 200000,
                "vice chairman": 150000,
                "secretary finance": 150000,
                "general secretary": 150000,
                "secretary publicity": 150000
            },
            "elders": {
                "chairman": 200000,
                "vice chairman": 150000,
                "secretary finance": 150000,
                "general secretary": 150000,
                "secretary publicity": 150000
            },
            "mainstream": {
                "chairman": 200000,
                "vice chairman": 150000,
                "secretary finance": 150000,
                "general secretary": 150000,
                "secretary publicity": 150000
            },
            "veterans": {
                "chairman": 200000,
                "vice chairman": 150000,
                "secretary finance": 150000,
                "general secretary": 150000,
                "secretary publicity": 150000
            }
        },
        "lcv": {
            "chairperson": 1000000
        },
        "mayor": {
            "mayor": 1500000
        },
        "womanMp": {
            "woman mp": 2000000
        },
        "DistrictCouncillors": {
            "direct councillor": 200000,
            "female councillor": 200000
        },
        "DistrictSIGCouncillors": {
            "youth councillor": 200000,
            "pwd councillor": 200000,
            "elder councillor": 200000
        }
    },
    "constituencyMunicipalityElectionType": {
        "mps": 2000000,
        "partyStructure": {
            "youth": {
                "chairman": 200000,
                "vice chairman": 150000,
                "secretary finance": 150000,
                "general secretary": 150000,
                "secretary publicity": 150000
            },
            "women": {
                "chairman": 200000,
                "vice chairman": 150000,
                "secretary finance": 150000,
                "general secretary": 150000,
                "secretary publicity": 150000
            },
            "pwds": {
                "chairman": 200000,
                "vice chairman": 150000,
                "secretary finance": 150000,
                "general secretary": 150000,
                "secretary publicity": 150000
            },
            "elders": {
                "chairman": 200000,
                "vice chairman": 150000,
                "secretary finance": 150000,
                "general secretary": 150000,
                "secretary publicity": 150000
            },
            "mainstream": {
                "chairman": 200000,
                "vice chairman": 150000,
                "secretary finance": 150000,
                "general secretary": 150000,
                "secretary publicity": 150000
            },
            "veterans": {
                "chairman": 200000,
                "vice chairman": 150000,
                "secretary finance": 150000,
                "general secretary": 150000,
                "secretary publicity": 150000
            }
        },
        "municipalityMayor": 750000,
        "municipalityMp": 2000000,
        "municipalityCouncillors": {
            "Male Councillor": 100000,
            "Female Councillor": 1000000
        },
        "municipalitySIGCouncillors": {
            "Youth Male": 100000,
            "Youth Female": 100000,
            "PWD Male": 100000,
            "PWD Female": 100000,
            "Elderly Male": 100000,
            "Elderly Female": 100000
        }
    },
    "subcountiesDivisionsElectionType": {
        "partyStructure": {
            "youth": {
                "chairman": 200000,
                "vice chairman": 150000,
                "secretary finance": 150000,
                "general secretary": 150000,
                "secretary publicity": 150000
            },
            "women": {
                "chairman": 200000,
                "vice chairman": 150000,
                "secretary finance": 150000,
                "general secretary": 150000,
                "secretary publicity": 150000
            },
            "pwds": {
                "chairman": 200000,
                "vice chairman": 150000,
                "secretary finance": 150000,
                "general secretary": 150000,
                "secretary publicity": 150000
            },
            "elders": {
               "chairman": 200000,
                "vice chairman": 150000,
                "secretary finance": 150000,
                "general secretary": 150000,
                "secretary publicity": 150000
            },
            "mainstream": {
                "chairman": 50000,
                "vice chairman": 150000,
                "secretary finance": 150000,
                "general secretary": 150000,
                "secretary publicity": 150000
            },
            "veterans": {
                "chairman": 200000,
                "vice chairman": 150000,
                "secretary finance": 150000,
                "general secretary": 150000,
                "secretary publicity": 150000
            }
        },
        "lc3": {
            "chairperson": 150000
        },
        "SubcountyCouncillors": {
            "direct councillor": 20000,
            "female councillor": 20000
        },
        "SubcountySIGCouncillors": {
            "youth councillor": 20000,
            "pwd councillor": 20000,
            "elder councillor": 20000
        }
    },
    "parishwardElectionType": {
        "partyStructure": {
            "youth": {
                "chairman": 50000,
                "vice chairman": 150000,
                "secretary finance": 150000,
                "general secretary": 150000,
                "secretary publicity": 150000
            },
            "women": {
                "chairman": 50000,
                "vice chairman": 150000,
                "secretary finance": 150000,
                "general secretary": 150000,
                "secretary publicity": 150000
            },
            "pwds": {
               "chairman": 50000,
                "vice chairman": 150000,
                "secretary finance": 150000,
                "general secretary": 150000,
                "secretary publicity": 150000
            },
            "elders": {
                "chairman": 50000,
                "vice chairman": 150000,
                "secretary finance": 150000,
                "general secretary": 150000,
                "secretary publicity": 150000
            },
            "mainstream": {
                "chairman": 50000,
                "vice chairman": 150000,
                "secretary finance": 150000,
                "general secretary": 150000,
                "secretary publicity": 150000
            }
        },
        "lc2": 150000
    },
    "villageCellElectionType": {
        "partyStructure": {
            "youth": {
                "chairman": 50000,
                "vice chairman": 150000,
                "secretary finance": 150000,
                "general secretary": 150000,
                "secretary publicity": 150000
            },
            "women": {
                "chairman": 50000,
                "vice chairman": 150000,
                "secretary finance": 150000,
                "general secretary": 150000,
                "secretary publicity": 150000
            },
            "pwds": {
                "chairman": 50000,
                "vice chairman": 150000,
                "secretary finance": 150000,
                "general secretary": 150000,
                "secretary publicity": 150000
            },
            "elders": {
                "chairman": 50000,
                "vice chairman": 150000,
                "secretary finance": 150000,
                "general secretary": 150000,
                "secretary publicity": 150000
            },
            "mainstream": {
               "chairman": 50000,
                "vice chairman": 150000,
                "secretary finance": 150000,
                "general secretary": 150000,
                "secretary publicity": 150000
            },
            "veterans": {
                "chairman": 50000,
                "vice chairman": 150000,
                "secretary finance": 150000,
                "general secretary": 150000,
                "secretary publicity": 150000
            }
        },
        "lc1": 150000
    }

}