{
    "PRIMARIES":{
        "VILLAGE_CELL": {
            "LC1": null,
            "SIG_COMMITTEE": {
                "YOUTH": {
                    "CHAIRPERSON": null,
                    "VICE_CHAIRPERSON": null,
                    "GENERAL_SECRETARY": null,
                    "SECRETARY_FINANCE": null,
                    "SECRETARY_PUBLICITY": null,
                    "SECRETARY_CULTURE_SPORTS": null,
                    "SECRETARY_STUDENTS_AFFAIRS": null,
                    "SECRETARY_WOMEN_YOUTH": null,
                    "SECRETARY_LABOUR_AFFAIRS": null
                },
                "ELDERS":{
                    "CHAIRPERSON": null,
                    "VICE_CHAIRPERSON": null,
                    "GENERAL_SECRETARY": null,
                    "SECRETARY_FINANCE": null,
                    "SECRETARY_PUBLICITY": null
                },
                "PWDs":{
                    "CHAIRPERSON": null,
                    "VICE_CHAIRPERSON": null,
                    "GENERAL_SECRETARY": null,
                    "SECRETARY_FINANCE": null,
                    "SECRETARY_PUBLICITY": null
                },
                "WOMEN":{
                    "CHAIRPERSON": null,
                    "VICE_CHAIRPERSON": null,
                    "GENERAL_SECRETARY": null,
                    "SECRETARY_FINANCE": null,
                    "SECRETARY_PUBLICITY": null
                }
            }
        },
         "PARISH_WARD": {
            "LC2": null,
            "SIG_COMMITTEE": {
                "YOUTH": {
                    "CHAIRPERSON": null,
                    "VICE_CHAIRPERSON": null,
                    "GENERAL_SECRETARY": null,
                    "SECRETARY_FINANCE": null,
                    "SECRETARY_PUBLICITY": null,
                    "SECRETARY_CULTURE_SPORTS": null,
                    "SECRETARY_STUDENTS_AFFAIRS": null,
                    "SECRETARY_WOMEN_YOUTH": null,
                    "SECRETARY_LABOUR_AFFAIRS": null
                },
                "ELDERS":{
                    "CHAIRPERSON": null,
                    "VICE_CHAIRPERSON": null,
                    "GENERAL_SECRETARY": null,
                    "SECRETARY_FINANCE": null,
                    "SECRETARY_PUBLICITY": null
                },
                "PWDs":{
                    "CHAIRPERSON": null,
                    "VICE_CHAIRPERSON": null,
                    "GENERAL_SECRETARY": null,
                    "SECRETARY_FINANCE": null,
                    "SECRETARY_PUBLICITY": null
                },
                "WOMEN":{
                    "CHAIRPERSON": null,
                    "VICE_CHAIRPERSON": null,
                    "GENERAL_SECRETARY": null,
                    "SECRETARY_FINANCE": null,
                    "SECRETARY_PUBLICITY": null
                }
            }
        },
         "SUBCOUNTY_DIVISION": {
            "LC3": null,
            "SIG_COMMITTEE": {
                "YOUTH": {
                    "CHAIRPERSON": null,
                    "VICE_CHAIRPERSON": null,
                    "GENERAL_SECRETARY": null,
                    "SECRETARY_FINANCE": null,
                    "SECRETARY_PUBLICITY": null,
                    "SECRETARY_CULTURE_SPORTS": null,
                    "SECRETARY_STUDENTS_AFFAIRS": null,
                    "SECRETARY_WOMEN_YOUTH": null,
                    "SECRETARY_LABOUR_AFFAIRS": null
                },
                "ELDERS":{
                    "CHAIRPERSON": null,
                    "VICE_CHAIRPERSON": null,
                    "GENERAL_SECRETARY": null,
                    "SECRETARY_FINANCE": null,
                    "SECRETARY_PUBLICITY": null
                },
                "PWDs":{
                    "CHAIRPERSON": null,
                    "VICE_CHAIRPERSON": null,
                    "GENERAL_SECRETARY": null,
                    "SECRETARY_FINANCE": null,
                    "SECRETARY_PUBLICITY": null
                },
                "WOMEN":{
                    "CHAIRPERSON": null,
                    "VICE_CHAIRPERSON": null,
                    "GENERAL_SECRETARY": null,
                    "SECRETARY_FINANCE": null,
                    "SECRETARY_PUBLICITY": null
                }
            },
            "COUNCILLORS": {
                "SIGS": {
                    "YOUTH":{
                        "CHAIRPERSON": null,
                        "VICE_CHAIRPERSON": null,
                        "GENERAL_SECRETARY": null,
                        "SECRETARY_FINANCE": null,
                        "SECRETARY_PUBLICITY": null
                    },
                    "PWDs":{
                        "CHAIRPERSON": null,
                        "VICE_CHAIRPERSON": null,
                        "GENERAL_SECRETARY": null,
                        "SECRETARY_FINANCE": null,
                        "SECRETARY_PUBLICITY": null
                    },
                    "ELDERS":{
                        "CHAIRPERSON": null,
                        "VICE_CHAIRPERSON": null,
                        "GENERAL_SECRETARY": null,
                        "SECRETARY_FINANCE": null,
                        "SECRETARY_PUBLICITY": null
                    }
                },
                "DIRECT_ELECTED_COUNCILLORS": null,
                "FEMALE_COUNCILLORS": null
            }
        },
        "CONSTITUENCY_MUNICIPALITY": {
            "SIG_COMMITTEE": {
                "YOUTH": {
                    "CHAIRPERSON": null,
                    "VICE_CHAIRPERSON": null,
                    "GENERAL_SECRETARY": null,
                    "SECRETARY_FINANCE": null,
                    "SECRETARY_PUBLICITY": null,
                    "SECRETARY_CULTURE_SPORTS": null,
                    "SECRETARY_STUDENTS_AFFAIRS": null,
                    "SECRETARY_WOMEN_YOUTH": null,
                    "SECRETARY_LABOUR_AFFAIRS": null
                },
                "ELDERS":{
                    "CHAIRPERSON": null,
                    "VICE_CHAIRPERSON": null,
                    "GENERAL_SECRETARY": null,
                    "SECRETARY_FINANCE": null,
                    "SECRETARY_PUBLICITY": null
                },
                "PWDs":{
                    "CHAIRPERSON": null,
                    "VICE_CHAIRPERSON": null,
                    "GENERAL_SECRETARY": null,
                    "SECRETARY_FINANCE": null,
                    "SECRETARY_PUBLICITY": null
                },
                "WOMEN":{
                    "CHAIRPERSON": null,
                    "VICE_CHAIRPERSON": null,
                    "GENERAL_SECRETARY": null,
                    "SECRETARY_FINANCE": null,
                    "SECRETARY_PUBLICITY": null
                }
            },
            "COUNCILLORS": {
                "SIGS": {
                    "YOUTH":{
                        "CHAIRPERSON": null,
                        "VICE_CHAIRPERSON": null,
                        "GENERAL_SECRETARY": null,
                        "SECRETARY_FINANCE": null,
                        "SECRETARY_PUBLICITY": null
                    },
                    "PWDs":{
                        "CHAIRPERSON": null,
                        "VICE_CHAIRPERSON": null,
                        "GENERAL_SECRETARY": null,
                        "SECRETARY_FINANCE": null,
                        "SECRETARY_PUBLICITY": null
                    },
                    "ELDERS":{
                        "CHAIRPERSON": null,
                        "VICE_CHAIRPERSON": null,
                        "GENERAL_SECRETARY": null,
                        "SECRETARY_FINANCE": null,
                        "SECRETARY_PUBLICITY": null
                    }
                },
                "DIRECT_ELECTED_COUNCILLORS": null,
                "FEMALE_COUNCILLORS": null
            },
            "CONSTITUENCY_MP": null,
            "DIVISION_MP": null,
            "MUNICIPALITY_MP": null,
            "DIVISION_MUNICIPAL_MAYOR": null
        },
         "DISTRICT": {
            "LCV_MAJORS": null,
            "DISTRICT_WOMAN_MP": null,
            "UPDF_REPRESENTATIVES":{
                "CHAIRPERSON": null,
                "VICE_CHAIRPERSON": null,
                "GENERAL_SECRETARY": null,
                "SECRETARY_FINANCE": null,
                "SECRETARY_PUBLICITY": null
            },
            "SIG_COMMITTEE": {
                "YOUTH": {
                    "CHAIRPERSON": null,
                    "VICE_CHAIRPERSON": null,
                    "GENERAL_SECRETARY": null,
                    "SECRETARY_FINANCE": null,
                    "SECRETARY_PUBLICITY": null,
                    "SECRETARY_CULTURE_SPORTS": null,
                    "SECRETARY_STUDENTS_AFFAIRS": null,
                    "SECRETARY_WOMEN_YOUTH": null,
                    "SECRETARY_LABOUR_AFFAIRS": null
                },
                "ELDERS":{
                    "CHAIRPERSON": null,
                    "VICE_CHAIRPERSON": null,
                    "GENERAL_SECRETARY": null,
                    "SECRETARY_FINANCE": null,
                    "SECRETARY_PUBLICITY": null
                },
                "PWDs":{
                    "CHAIRPERSON": null,
                    "VICE_CHAIRPERSON": null,
                    "GENERAL_SECRETARY": null,
                    "SECRETARY_FINANCE": null,
                    "SECRETARY_PUBLICITY": null
                },
                "WOMEN":{
                    "CHAIRPERSON": null,
                    "VICE_CHAIRPERSON": null,
                    "GENERAL_SECRETARY": null,
                    "SECRETARY_FINANCE": null,
                    "SECRETARY_PUBLICITY": null
                },
                "WORKERS":{
                    "CHAIRPERSON": null,
                    "VICE_CHAIRPERSON": null,
                    "GENERAL_SECRETARY": null,
                    "SECRETARY_FINANCE": null,
                    "SECRETARY_PUBLICITY": null
                }
            },
            "SIGS":{
                "PWDS":{
                    "NATIONAL": null,
                    "WESTERN": null,
                    "EASTERN": null,
                    "CENTRAL": null
                },
                "YOUTH":{
                    "NATIONAL": null,
                    "WESTERN": null,
                    "EASTERN": null,
                    "CENTRAL": null
                },
                "ELDERS":{
                    "NATIONAL": null,
                    "WESTERN": null,
                    "EASTERN": null,
                    "CENTRAL": null
                },
                "WORKERS":{
                   "NATIONAL": null,
                    "WESTERN": null,
                    "EASTERN": null,
                    "CENTRAL": null
                }
            }
        },
        "NATIONAL": {
            "PRESIDENT": null,
            "SPEAKERSHIP": null,
            "EALA": null
        }
    }
}