[
    {
        "id": 217,
        "electionType": "nationalElectionType",
        "subType": "cec",
        "category": null,
        "position": "2nd Vice Chairman",
        "amount": "5000000.00",
        "isActive": true,
        "createdAt": "2024-12-14T10:34:44.000Z",
        "updatedAt": "2024-12-14T10:34:44.000Z",
        "feeHistory": []
    },
    {
        "id": 215,
        "electionType": "nationalElectionType",
        "subType": "cec",
        "category": null,
        "position": "Chairman",
        "amount": "10000000.00",
        "isActive": true,
        "createdAt": "2024-12-14T10:34:44.000Z",
        "updatedAt": "2024-12-14T10:34:44.000Z",
        "feeHistory": []
    },
    {
        "id": 216,
        "electionType": "nationalElectionType",
        "subType": "cec",
        "category": null,
        "position": "Vice Chairman",
        "amount": "5000000.00",
        "isActive": true,
        "createdAt": "2024-12-14T10:34:44.000Z",
        "updatedAt": "2024-12-14T10:34:44.000Z",
        "feeHistory": []
    },
    {
        "id": 221,
        "electionType": "nationalElectionType",
        "subType": "cec",
        "category": null,
        "position": "Vice Chairman Central Region",
        "amount": "2500000.00",
        "isActive": true,
        "createdAt": "2024-12-14T10:34:44.000Z",
        "updatedAt": "2024-12-14T10:34:44.000Z",
        "feeHistory": []
    },
    {
        "id": 219,
        "electionType": "nationalElectionType",
        "subType": "cec",
        "category": null,
        "position": "Vice Chairman Eastern Region",
        "amount": "2500000.00",
        "isActive": true,
        "createdAt": "2024-12-14T10:34:44.000Z",
        "updatedAt": "2024-12-14T10:34:44.000Z",
        "feeHistory": []
    },
    {
        "id": 222,
        "electionType": "nationalElectionType",
        "subType": "cec",
        "category": null,
        "position": "Vice Chairman Kampala Region",
        "amount": "2500000.00",
        "isActive": true,
        "createdAt": "2024-12-14T10:34:44.000Z",
        "updatedAt": "2024-12-14T10:34:44.000Z",
        "feeHistory": []
    },
    {
        "id": 218,
        "electionType": "nationalElectionType",
        "subType": "cec",
        "category": null,
        "position": "Vice Chairman Karamoja Region",
        "amount": "2500000.00",
        "isActive": true,
        "createdAt": "2024-12-14T10:34:44.000Z",
        "updatedAt": "2024-12-14T10:34:44.000Z",
        "feeHistory": []
    },
    {
        "id": 220,
        "electionType": "nationalElectionType",
        "subType": "cec",
        "category": null,
        "position": "Vice Chairman Northern Region",
        "amount": "2500000.00",
        "isActive": true,
        "createdAt": "2024-12-14T10:34:44.000Z",
        "updatedAt": "2024-12-14T10:34:44.000Z",
        "feeHistory": []
    },
    {
        "id": 223,
        "electionType": "nationalElectionType",
        "subType": "cec",
        "category": null,
        "position": "Vice Chairman Western Region",
        "amount": "2500000.00",
        "isActive": true,
        "createdAt": "2024-12-14T10:34:44.000Z",
        "updatedAt": "2024-12-14T10:34:44.000Z",
        "feeHistory": []
    },
    {
        "id": 239,
        "electionType": "nationalElectionType",
        "subType": "eala",
        "category": null,
        "position": null,
        "amount": "4000.00",
        "isActive": true,
        "createdAt": "2024-12-14T10:34:44.000Z",
        "updatedAt": "2024-12-14T10:34:44.000Z",
        "feeHistory": []
    },
    {
        "id": 232,
        "electionType": "nationalElectionType",
        "subType": "leagues",
        "category": null,
        "position": "Diaspora",
        "amount": "500000.00",
        "isActive": true,
        "createdAt": "2024-12-14T10:34:44.000Z",
        "updatedAt": "2024-12-14T10:34:44.000Z",
        "feeHistory": []
    },
    {
        "id": 224,
        "electionType": "nationalElectionType",
        "subType": "leagues",
        "category": null,
        "position": "Elders",
        "amount": "500000.00",
        "isActive": true,
        "createdAt": "2024-12-14T10:34:44.000Z",
        "updatedAt": "2024-12-14T10:34:44.000Z",
        "feeHistory": []
    },
    {
        "id": 230,
        "electionType": "nationalElectionType",
        "subType": "leagues",
        "category": null,
        "position": "Entrepreneurs",
        "amount": "500000.00",
        "isActive": true,
        "createdAt": "2024-12-14T10:34:44.000Z",
        "updatedAt": "2024-12-14T10:34:44.000Z",
        "feeHistory": []
    },
    {
        "id": 231,
        "electionType": "nationalElectionType",
        "subType": "leagues",
        "category": null,
        "position": "Historicals",
        "amount": "500000.00",
        "isActive": true,
        "createdAt": "2024-12-14T10:34:44.000Z",
        "updatedAt": "2024-12-14T10:34:44.000Z",
        "feeHistory": []
    },
    {
        "id": 233,
        "electionType": "nationalElectionType",
        "subType": "leagues",
        "category": null,
        "position": "Institutions",
        "amount": "500000.00",
        "isActive": true,
        "createdAt": "2024-12-14T10:34:44.000Z",
        "updatedAt": "2024-12-14T10:34:44.000Z",
        "feeHistory": []
    },
    {
        "id": 227,
        "electionType": "nationalElectionType",
        "subType": "leagues",
        "category": null,
        "position": "PWDS",
        "amount": "500000.00",
        "isActive": true,
        "createdAt": "2024-12-14T10:34:44.000Z",
        "updatedAt": "2024-12-14T10:34:44.000Z",
        "feeHistory": []
    },
    {
        "id": 228,
        "electionType": "nationalElectionType",
        "subType": "leagues",
        "category": null,
        "position": "Veterans",
        "amount": "500000.00",
        "isActive": true,
        "createdAt": "2024-12-14T10:34:44.000Z",
        "updatedAt": "2024-12-14T10:34:44.000Z",
        "feeHistory": []
    },
    {
        "id": 226,
        "electionType": "nationalElectionType",
        "subType": "leagues",
        "category": null,
        "position": "Women",
        "amount": "500000.00",
        "isActive": true,
        "createdAt": "2024-12-14T10:34:44.000Z",
        "updatedAt": "2024-12-14T10:34:44.000Z",
        "feeHistory": []
    },
    {
        "id": 229,
        "electionType": "nationalElectionType",
        "subType": "leagues",
        "category": null,
        "position": "Workers",
        "amount": "500000.00",
        "isActive": true,
        "createdAt": "2024-12-14T10:34:44.000Z",
        "updatedAt": "2024-12-14T10:34:44.000Z",
        "feeHistory": []
    },
    {
        "id": 225,
        "electionType": "nationalElectionType",
        "subType": "leagues",
        "category": null,
        "position": "Youth",
        "amount": "500000.00",
        "isActive": true,
        "createdAt": "2024-12-14T10:34:44.000Z",
        "updatedAt": "2024-12-14T10:34:44.000Z",
        "feeHistory": []
    },
    {
        "id": 241,
        "electionType": "nationalElectionType",
        "subType": "parliamentaryCaucus",
        "category": null,
        "position": null,
        "amount": "3700.00",
        "isActive": true,
        "createdAt": "2024-12-14T10:34:44.000Z",
        "updatedAt": "2024-12-14T10:34:44.000Z",
        "feeHistory": []
    },
    {
        "id": 234,
        "electionType": "nationalElectionType",
        "subType": "presidential",
        "category": null,
        "position": null,
        "amount": "10000000.00",
        "isActive": true,
        "createdAt": "2024-12-14T10:34:44.000Z",
        "updatedAt": "2024-12-14T10:34:44.000Z",
        "feeHistory": []
    },
    {
        "id": 238,
        "electionType": "nationalElectionType",
        "subType": "sigmps",
        "category": null,
        "position": "OLDER PERSONS MP",
        "amount": "3250.00",
        "isActive": true,
        "createdAt": "2024-12-14T10:34:44.000Z",
        "updatedAt": "2024-12-14T10:34:44.000Z",
        "feeHistory": []
    },
    {
        "id": 236,
        "electionType": "nationalElectionType",
        "subType": "sigmps",
        "category": null,
        "position": "PWDS MP",
        "amount": "3400.00",
        "isActive": true,
        "createdAt": "2024-12-14T10:34:44.000Z",
        "updatedAt": "2024-12-14T10:34:44.000Z",
        "feeHistory": []
    },
    {
        "id": 235,
        "electionType": "nationalElectionType",
        "subType": "sigmps",
        "category": null,
        "position": "Workers MP",
        "amount": "3500.00",
        "isActive": true,
        "createdAt": "2024-12-14T10:34:44.000Z",
        "updatedAt": "2024-12-14T10:34:44.000Z",
        "feeHistory": []
    },
    {
        "id": 237,
        "electionType": "nationalElectionType",
        "subType": "sigmps",
        "category": null,
        "position": "YOUTH MP",
        "amount": "3300.00",
        "isActive": true,
        "createdAt": "2024-12-14T10:34:44.000Z",
        "updatedAt": "2024-12-14T10:34:44.000Z",
        "feeHistory": []
    },
    {
        "id": 240,
        "electionType": "nationalElectionType",
        "subType": "speakership",
        "category": null,
        "position": null,
        "amount": "4500.00",
        "isActive": true,
        "createdAt": "2024-12-14T10:34:44.000Z",
        "updatedAt": "2024-12-14T10:34:44.000Z",
        "feeHistory": []
    },
    {
        "id": 275,
        "electionType": "districtElectionType",
        "subType": "DistrictCouncillors",
        "category": null,
        "position": "direct councillor",
        "amount": "200000.00",
        "isActive": true,
        "createdAt": "2024-12-14T10:34:44.000Z",
        "updatedAt": "2024-12-14T10:34:44.000Z",
        "feeHistory": []
    },
    {
        "id": 276,
        "electionType": "districtElectionType",
        "subType": "DistrictCouncillors",
        "category": null,
        "position": "female councillor",
        "amount": "200000.00",
        "isActive": true,
        "createdAt": "2024-12-14T10:34:44.000Z",
        "updatedAt": "2024-12-14T10:34:44.000Z",
        "feeHistory": []
    },
    {
        "id": 279,
        "electionType": "districtElectionType",
        "subType": "DistrictSIGCouncillors",
        "category": null,
        "position": "elder councillor",
        "amount": "200000.00",
        "isActive": true,
        "createdAt": "2024-12-14T10:34:44.000Z",
        "updatedAt": "2024-12-14T10:34:44.000Z",
        "feeHistory": []
    },
    {
        "id": 278,
        "electionType": "districtElectionType",
        "subType": "DistrictSIGCouncillors",
        "category": null,
        "position": "pwd councillor",
        "amount": "200000.00",
        "isActive": true,
        "createdAt": "2024-12-14T10:34:44.000Z",
        "updatedAt": "2024-12-14T10:34:44.000Z",
        "feeHistory": []
    },
    {
        "id": 277,
        "electionType": "districtElectionType",
        "subType": "DistrictSIGCouncillors",
        "category": null,
        "position": "youth councillor",
        "amount": "200000.00",
        "isActive": true,
        "createdAt": "2024-12-14T10:34:44.000Z",
        "updatedAt": "2024-12-14T10:34:44.000Z",
        "feeHistory": []
    },
    {
        "id": 272,
        "electionType": "districtElectionType",
        "subType": "lcv",
        "category": null,
        "position": "chairperson",
        "amount": "1000000.00",
        "isActive": true,
        "createdAt": "2024-12-14T10:34:44.000Z",
        "updatedAt": "2024-12-14T10:34:44.000Z",
        "feeHistory": []
    },
    {
        "id": 273,
        "electionType": "districtElectionType",
        "subType": "mayor",
        "category": null,
        "position": "mayor",
        "amount": "1500000.00",
        "isActive": true,
        "createdAt": "2024-12-14T10:34:44.000Z",
        "updatedAt": "2024-12-14T10:34:44.000Z",
        "feeHistory": []
    },
    {
        "id": 257,
        "electionType": "districtElectionType",
        "subType": "partyStructure",
        "category": "elders",
        "position": "chairman",
        "amount": "200000.00",
        "isActive": true,
        "createdAt": "2024-12-14T10:34:44.000Z",
        "updatedAt": "2024-12-14T10:34:44.000Z",
        "feeHistory": []
    },
    {
        "id": 260,
        "electionType": "districtElectionType",
        "subType": "partyStructure",
        "category": "elders",
        "position": "general secretary",
        "amount": "150000.00",
        "isActive": true,
        "createdAt": "2024-12-14T10:34:44.000Z",
        "updatedAt": "2024-12-14T10:34:44.000Z",
        "feeHistory": []
    },
    {
        "id": 259,
        "electionType": "districtElectionType",
        "subType": "partyStructure",
        "category": "elders",
        "position": "secretary finance",
        "amount": "150000.00",
        "isActive": true,
        "createdAt": "2024-12-14T10:34:44.000Z",
        "updatedAt": "2024-12-14T10:34:44.000Z",
        "feeHistory": []
    },
    {
        "id": 261,
        "electionType": "districtElectionType",
        "subType": "partyStructure",
        "category": "elders",
        "position": "secretary publicity",
        "amount": "150000.00",
        "isActive": true,
        "createdAt": "2024-12-14T10:34:44.000Z",
        "updatedAt": "2024-12-14T10:34:44.000Z",
        "feeHistory": []
    },
    {
        "id": 258,
        "electionType": "districtElectionType",
        "subType": "partyStructure",
        "category": "elders",
        "position": "vice chairman",
        "amount": "150000.00",
        "isActive": true,
        "createdAt": "2024-12-14T10:34:44.000Z",
        "updatedAt": "2024-12-14T10:34:44.000Z",
        "feeHistory": []
    },
    {
        "id": 262,
        "electionType": "districtElectionType",
        "subType": "partyStructure",
        "category": "mainstream",
        "position": "chairman",
        "amount": "200000.00",
        "isActive": true,
        "createdAt": "2024-12-14T10:34:44.000Z",
        "updatedAt": "2024-12-14T10:34:44.000Z",
        "feeHistory": []
    },
    {
        "id": 265,
        "electionType": "districtElectionType",
        "subType": "partyStructure",
        "category": "mainstream",
        "position": "general secretary",
        "amount": "150000.00",
        "isActive": true,
        "createdAt": "2024-12-14T10:34:44.000Z",
        "updatedAt": "2024-12-14T10:34:44.000Z",
        "feeHistory": []
    },
    {
        "id": 264,
        "electionType": "districtElectionType",
        "subType": "partyStructure",
        "category": "mainstream",
        "position": "secretary finance",
        "amount": "150000.00",
        "isActive": true,
        "createdAt": "2024-12-14T10:34:44.000Z",
        "updatedAt": "2024-12-14T10:34:44.000Z",
        "feeHistory": []
    },
    {
        "id": 266,
        "electionType": "districtElectionType",
        "subType": "partyStructure",
        "category": "mainstream",
        "position": "secretary publicity",
        "amount": "150000.00",
        "isActive": true,
        "createdAt": "2024-12-14T10:34:44.000Z",
        "updatedAt": "2024-12-14T10:34:44.000Z",
        "feeHistory": []
    },
    {
        "id": 263,
        "electionType": "districtElectionType",
        "subType": "partyStructure",
        "category": "mainstream",
        "position": "vice chairman",
        "amount": "150000.00",
        "isActive": true,
        "createdAt": "2024-12-14T10:34:44.000Z",
        "updatedAt": "2024-12-14T10:34:44.000Z",
        "feeHistory": []
    },
    {
        "id": 252,
        "electionType": "districtElectionType",
        "subType": "partyStructure",
        "category": "pwds",
        "position": "chairman",
        "amount": "200000.00",
        "isActive": true,
        "createdAt": "2024-12-14T10:34:44.000Z",
        "updatedAt": "2024-12-14T10:34:44.000Z",
        "feeHistory": []
    },
    {
        "id": 255,
        "electionType": "districtElectionType",
        "subType": "partyStructure",
        "category": "pwds",
        "position": "general secretary",
        "amount": "150000.00",
        "isActive": true,
        "createdAt": "2024-12-14T10:34:44.000Z",
        "updatedAt": "2024-12-14T10:34:44.000Z",
        "feeHistory": []
    },
    {
        "id": 254,
        "electionType": "districtElectionType",
        "subType": "partyStructure",
        "category": "pwds",
        "position": "secretary finance",
        "amount": "150000.00",
        "isActive": true,
        "createdAt": "2024-12-14T10:34:44.000Z",
        "updatedAt": "2024-12-14T10:34:44.000Z",
        "feeHistory": []
    },
    {
        "id": 256,
        "electionType": "districtElectionType",
        "subType": "partyStructure",
        "category": "pwds",
        "position": "secretary publicity",
        "amount": "150000.00",
        "isActive": true,
        "createdAt": "2024-12-14T10:34:44.000Z",
        "updatedAt": "2024-12-14T10:34:44.000Z",
        "feeHistory": []
    },
    {
        "id": 253,
        "electionType": "districtElectionType",
        "subType": "partyStructure",
        "category": "pwds",
        "position": "vice chairman",
        "amount": "150000.00",
        "isActive": true,
        "createdAt": "2024-12-14T10:34:44.000Z",
        "updatedAt": "2024-12-14T10:34:44.000Z",
        "feeHistory": []
    },
    {
        "id": 267,
        "electionType": "districtElectionType",
        "subType": "partyStructure",
        "category": "veterans",
        "position": "chairman",
        "amount": "200000.00",
        "isActive": true,
        "createdAt": "2024-12-14T10:34:44.000Z",
        "updatedAt": "2024-12-14T10:34:44.000Z",
        "feeHistory": []
    },
    {
        "id": 270,
        "electionType": "districtElectionType",
        "subType": "partyStructure",
        "category": "veterans",
        "position": "general secretary",
        "amount": "150000.00",
        "isActive": true,
        "createdAt": "2024-12-14T10:34:44.000Z",
        "updatedAt": "2024-12-14T10:34:44.000Z",
        "feeHistory": []
    },
    {
        "id": 269,
        "electionType": "districtElectionType",
        "subType": "partyStructure",
        "category": "veterans",
        "position": "secretary finance",
        "amount": "150000.00",
        "isActive": true,
        "createdAt": "2024-12-14T10:34:44.000Z",
        "updatedAt": "2024-12-14T10:34:44.000Z",
        "feeHistory": []
    },
    {
        "id": 271,
        "electionType": "districtElectionType",
        "subType": "partyStructure",
        "category": "veterans",
        "position": "secretary publicity",
        "amount": "150000.00",
        "isActive": true,
        "createdAt": "2024-12-14T10:34:44.000Z",
        "updatedAt": "2024-12-14T10:34:44.000Z",
        "feeHistory": []
    },
    {
        "id": 268,
        "electionType": "districtElectionType",
        "subType": "partyStructure",
        "category": "veterans",
        "position": "vice chairman",
        "amount": "150000.00",
        "isActive": true,
        "createdAt": "2024-12-14T10:34:44.000Z",
        "updatedAt": "2024-12-14T10:34:44.000Z",
        "feeHistory": []
    },
    {
        "id": 247,
        "electionType": "districtElectionType",
        "subType": "partyStructure",
        "category": "women",
        "position": "chairman",
        "amount": "200000.00",
        "isActive": true,
        "createdAt": "2024-12-14T10:34:44.000Z",
        "updatedAt": "2024-12-14T10:34:44.000Z",
        "feeHistory": []
    },
    {
        "id": 250,
        "electionType": "districtElectionType",
        "subType": "partyStructure",
        "category": "women",
        "position": "general secretary",
        "amount": "150000.00",
        "isActive": true,
        "createdAt": "2024-12-14T10:34:44.000Z",
        "updatedAt": "2024-12-14T10:34:44.000Z",
        "feeHistory": []
    },
    {
        "id": 249,
        "electionType": "districtElectionType",
        "subType": "partyStructure",
        "category": "women",
        "position": "secretary finance",
        "amount": "150000.00",
        "isActive": true,
        "createdAt": "2024-12-14T10:34:44.000Z",
        "updatedAt": "2024-12-14T10:34:44.000Z",
        "feeHistory": []
    },
    {
        "id": 251,
        "electionType": "districtElectionType",
        "subType": "partyStructure",
        "category": "women",
        "position": "secretary publicity",
        "amount": "150000.00",
        "isActive": true,
        "createdAt": "2024-12-14T10:34:44.000Z",
        "updatedAt": "2024-12-14T10:34:44.000Z",
        "feeHistory": []
    },
    {
        "id": 248,
        "electionType": "districtElectionType",
        "subType": "partyStructure",
        "category": "women",
        "position": "vice chairman",
        "amount": "150000.00",
        "isActive": true,
        "createdAt": "2024-12-14T10:34:44.000Z",
        "updatedAt": "2024-12-14T10:34:44.000Z",
        "feeHistory": []
    },
    {
        "id": 242,
        "electionType": "districtElectionType",
        "subType": "partyStructure",
        "category": "youth",
        "position": "chairman",
        "amount": "200000.00",
        "isActive": true,
        "createdAt": "2024-12-14T10:34:44.000Z",
        "updatedAt": "2024-12-14T10:34:44.000Z",
        "feeHistory": []
    },
    {
        "id": 245,
        "electionType": "districtElectionType",
        "subType": "partyStructure",
        "category": "youth",
        "position": "general secretary",
        "amount": "150000.00",
        "isActive": true,
        "createdAt": "2024-12-14T10:34:44.000Z",
        "updatedAt": "2024-12-14T10:34:44.000Z",
        "feeHistory": []
    },
    {
        "id": 244,
        "electionType": "districtElectionType",
        "subType": "partyStructure",
        "category": "youth",
        "position": "secretary finance",
        "amount": "150000.00",
        "isActive": true,
        "createdAt": "2024-12-14T10:34:44.000Z",
        "updatedAt": "2024-12-14T10:34:44.000Z",
        "feeHistory": []
    },
    {
        "id": 246,
        "electionType": "districtElectionType",
        "subType": "partyStructure",
        "category": "youth",
        "position": "secretary publicity",
        "amount": "150000.00",
        "isActive": true,
        "createdAt": "2024-12-14T10:34:44.000Z",
        "updatedAt": "2024-12-14T10:34:44.000Z",
        "feeHistory": []
    },
    {
        "id": 243,
        "electionType": "districtElectionType",
        "subType": "partyStructure",
        "category": "youth",
        "position": "vice chairman",
        "amount": "150000.00",
        "isActive": true,
        "createdAt": "2024-12-14T10:34:44.000Z",
        "updatedAt": "2024-12-14T10:34:44.000Z",
        "feeHistory": []
    },
    {
        "id": 274,
        "electionType": "districtElectionType",
        "subType": "womanMp",
        "category": null,
        "position": "woman mp",
        "amount": "2000000.00",
        "isActive": true,
        "createdAt": "2024-12-14T10:34:44.000Z",
        "updatedAt": "2024-12-14T10:34:44.000Z",
        "feeHistory": []
    },
    {
        "id": 280,
        "electionType": "constituencyMunicipalityElectionType",
        "subType": "mps",
        "category": null,
        "position": null,
        "amount": "2000000.00",
        "isActive": true,
        "createdAt": "2024-12-14T10:34:44.000Z",
        "updatedAt": "2024-12-14T10:34:44.000Z",
        "feeHistory": []
    },
    {
        "id": 314,
        "electionType": "constituencyMunicipalityElectionType",
        "subType": "municipalityCouncillors",
        "category": null,
        "position": "Female Councillor",
        "amount": "1000000.00",
        "isActive": true,
        "createdAt": "2024-12-14T10:34:44.000Z",
        "updatedAt": "2024-12-14T10:34:44.000Z",
        "feeHistory": []
    },
    {
        "id": 313,
        "electionType": "constituencyMunicipalityElectionType",
        "subType": "municipalityCouncillors",
        "category": null,
        "position": "Male Councillor",
        "amount": "100000.00",
        "isActive": true,
        "createdAt": "2024-12-14T10:34:44.000Z",
        "updatedAt": "2024-12-14T10:34:44.000Z",
        "feeHistory": []
    },
    {
        "id": 311,
        "electionType": "constituencyMunicipalityElectionType",
        "subType": "municipalityMayor",
        "category": null,
        "position": null,
        "amount": "750000.00",
        "isActive": true,
        "createdAt": "2024-12-14T10:34:44.000Z",
        "updatedAt": "2024-12-14T10:34:44.000Z",
        "feeHistory": []
    },
    {
        "id": 312,
        "electionType": "constituencyMunicipalityElectionType",
        "subType": "municipalityMp",
        "category": null,
        "position": null,
        "amount": "2000000.00",
        "isActive": true,
        "createdAt": "2024-12-14T10:34:44.000Z",
        "updatedAt": "2024-12-14T10:34:44.000Z",
        "feeHistory": []
    },
    {
        "id": 320,
        "electionType": "constituencyMunicipalityElectionType",
        "subType": "municipalitySIGCouncillors",
        "category": null,
        "position": "Elderly Female",
        "amount": "100000.00",
        "isActive": true,
        "createdAt": "2024-12-14T10:34:44.000Z",
        "updatedAt": "2024-12-14T10:34:44.000Z",
        "feeHistory": []
    },
    {
        "id": 319,
        "electionType": "constituencyMunicipalityElectionType",
        "subType": "municipalitySIGCouncillors",
        "category": null,
        "position": "Elderly Male",
        "amount": "100000.00",
        "isActive": true,
        "createdAt": "2024-12-14T10:34:44.000Z",
        "updatedAt": "2024-12-14T10:34:44.000Z",
        "feeHistory": []
    },
    {
        "id": 318,
        "electionType": "constituencyMunicipalityElectionType",
        "subType": "municipalitySIGCouncillors",
        "category": null,
        "position": "PWD Female",
        "amount": "100000.00",
        "isActive": true,
        "createdAt": "2024-12-14T10:34:44.000Z",
        "updatedAt": "2024-12-14T10:34:44.000Z",
        "feeHistory": []
    },
    {
        "id": 317,
        "electionType": "constituencyMunicipalityElectionType",
        "subType": "municipalitySIGCouncillors",
        "category": null,
        "position": "PWD Male",
        "amount": "100000.00",
        "isActive": true,
        "createdAt": "2024-12-14T10:34:44.000Z",
        "updatedAt": "2024-12-14T10:34:44.000Z",
        "feeHistory": []
    },
    {
        "id": 316,
        "electionType": "constituencyMunicipalityElectionType",
        "subType": "municipalitySIGCouncillors",
        "category": null,
        "position": "Youth Female",
        "amount": "100000.00",
        "isActive": true,
        "createdAt": "2024-12-14T10:34:44.000Z",
        "updatedAt": "2024-12-14T10:34:44.000Z",
        "feeHistory": []
    },
    {
        "id": 315,
        "electionType": "constituencyMunicipalityElectionType",
        "subType": "municipalitySIGCouncillors",
        "category": null,
        "position": "Youth Male",
        "amount": "100000.00",
        "isActive": true,
        "createdAt": "2024-12-14T10:34:44.000Z",
        "updatedAt": "2024-12-14T10:34:44.000Z",
        "feeHistory": []
    },
    {
        "id": 296,
        "electionType": "constituencyMunicipalityElectionType",
        "subType": "partyStructure",
        "category": "elders",
        "position": "chairman",
        "amount": "200000.00",
        "isActive": true,
        "createdAt": "2024-12-14T10:34:44.000Z",
        "updatedAt": "2024-12-14T10:34:44.000Z",
        "feeHistory": []
    },
    {
        "id": 299,
        "electionType": "constituencyMunicipalityElectionType",
        "subType": "partyStructure",
        "category": "elders",
        "position": "general secretary",
        "amount": "150000.00",
        "isActive": true,
        "createdAt": "2024-12-14T10:34:44.000Z",
        "updatedAt": "2024-12-14T10:34:44.000Z",
        "feeHistory": []
    },
    {
        "id": 298,
        "electionType": "constituencyMunicipalityElectionType",
        "subType": "partyStructure",
        "category": "elders",
        "position": "secretary finance",
        "amount": "150000.00",
        "isActive": true,
        "createdAt": "2024-12-14T10:34:44.000Z",
        "updatedAt": "2024-12-14T10:34:44.000Z",
        "feeHistory": []
    },
    {
        "id": 300,
        "electionType": "constituencyMunicipalityElectionType",
        "subType": "partyStructure",
        "category": "elders",
        "position": "secretary publicity",
        "amount": "150000.00",
        "isActive": true,
        "createdAt": "2024-12-14T10:34:44.000Z",
        "updatedAt": "2024-12-14T10:34:44.000Z",
        "feeHistory": []
    },
    {
        "id": 297,
        "electionType": "constituencyMunicipalityElectionType",
        "subType": "partyStructure",
        "category": "elders",
        "position": "vice chairman",
        "amount": "150000.00",
        "isActive": true,
        "createdAt": "2024-12-14T10:34:44.000Z",
        "updatedAt": "2024-12-14T10:34:44.000Z",
        "feeHistory": []
    },
    {
        "id": 301,
        "electionType": "constituencyMunicipalityElectionType",
        "subType": "partyStructure",
        "category": "mainstream",
        "position": "chairman",
        "amount": "200000.00",
        "isActive": true,
        "createdAt": "2024-12-14T10:34:44.000Z",
        "updatedAt": "2024-12-14T10:34:44.000Z",
        "feeHistory": []
    },
    {
        "id": 304,
        "electionType": "constituencyMunicipalityElectionType",
        "subType": "partyStructure",
        "category": "mainstream",
        "position": "general secretary",
        "amount": "150000.00",
        "isActive": true,
        "createdAt": "2024-12-14T10:34:44.000Z",
        "updatedAt": "2024-12-14T10:34:44.000Z",
        "feeHistory": []
    },
    {
        "id": 303,
        "electionType": "constituencyMunicipalityElectionType",
        "subType": "partyStructure",
        "category": "mainstream",
        "position": "secretary finance",
        "amount": "150000.00",
        "isActive": true,
        "createdAt": "2024-12-14T10:34:44.000Z",
        "updatedAt": "2024-12-14T10:34:44.000Z",
        "feeHistory": []
    },
    {
        "id": 305,
        "electionType": "constituencyMunicipalityElectionType",
        "subType": "partyStructure",
        "category": "mainstream",
        "position": "secretary publicity",
        "amount": "150000.00",
        "isActive": true,
        "createdAt": "2024-12-14T10:34:44.000Z",
        "updatedAt": "2024-12-14T10:34:44.000Z",
        "feeHistory": []
    },
    {
        "id": 302,
        "electionType": "constituencyMunicipalityElectionType",
        "subType": "partyStructure",
        "category": "mainstream",
        "position": "vice chairman",
        "amount": "150000.00",
        "isActive": true,
        "createdAt": "2024-12-14T10:34:44.000Z",
        "updatedAt": "2024-12-14T10:34:44.000Z",
        "feeHistory": []
    },
    {
        "id": 291,
        "electionType": "constituencyMunicipalityElectionType",
        "subType": "partyStructure",
        "category": "pwds",
        "position": "chairman",
        "amount": "200000.00",
        "isActive": true,
        "createdAt": "2024-12-14T10:34:44.000Z",
        "updatedAt": "2024-12-14T10:34:44.000Z",
        "feeHistory": []
    },
    {
        "id": 294,
        "electionType": "constituencyMunicipalityElectionType",
        "subType": "partyStructure",
        "category": "pwds",
        "position": "general secretary",
        "amount": "150000.00",
        "isActive": true,
        "createdAt": "2024-12-14T10:34:44.000Z",
        "updatedAt": "2024-12-14T10:34:44.000Z",
        "feeHistory": []
    },
    {
        "id": 293,
        "electionType": "constituencyMunicipalityElectionType",
        "subType": "partyStructure",
        "category": "pwds",
        "position": "secretary finance",
        "amount": "150000.00",
        "isActive": true,
        "createdAt": "2024-12-14T10:34:44.000Z",
        "updatedAt": "2024-12-14T10:34:44.000Z",
        "feeHistory": []
    },
    {
        "id": 295,
        "electionType": "constituencyMunicipalityElectionType",
        "subType": "partyStructure",
        "category": "pwds",
        "position": "secretary publicity",
        "amount": "150000.00",
        "isActive": true,
        "createdAt": "2024-12-14T10:34:44.000Z",
        "updatedAt": "2024-12-14T10:34:44.000Z",
        "feeHistory": []
    },
    {
        "id": 292,
        "electionType": "constituencyMunicipalityElectionType",
        "subType": "partyStructure",
        "category": "pwds",
        "position": "vice chairman",
        "amount": "150000.00",
        "isActive": true,
        "createdAt": "2024-12-14T10:34:44.000Z",
        "updatedAt": "2024-12-14T10:34:44.000Z",
        "feeHistory": []
    },
    {
        "id": 306,
        "electionType": "constituencyMunicipalityElectionType",
        "subType": "partyStructure",
        "category": "veterans",
        "position": "chairman",
        "amount": "200000.00",
        "isActive": true,
        "createdAt": "2024-12-14T10:34:44.000Z",
        "updatedAt": "2024-12-14T10:34:44.000Z",
        "feeHistory": []
    },
    {
        "id": 309,
        "electionType": "constituencyMunicipalityElectionType",
        "subType": "partyStructure",
        "category": "veterans",
        "position": "general secretary",
        "amount": "150000.00",
        "isActive": true,
        "createdAt": "2024-12-14T10:34:44.000Z",
        "updatedAt": "2024-12-14T10:34:44.000Z",
        "feeHistory": []
    },
    {
        "id": 308,
        "electionType": "constituencyMunicipalityElectionType",
        "subType": "partyStructure",
        "category": "veterans",
        "position": "secretary finance",
        "amount": "150000.00",
        "isActive": true,
        "createdAt": "2024-12-14T10:34:44.000Z",
        "updatedAt": "2024-12-14T10:34:44.000Z",
        "feeHistory": []
    },
    {
        "id": 310,
        "electionType": "constituencyMunicipalityElectionType",
        "subType": "partyStructure",
        "category": "veterans",
        "position": "secretary publicity",
        "amount": "150000.00",
        "isActive": true,
        "createdAt": "2024-12-14T10:34:44.000Z",
        "updatedAt": "2024-12-14T10:34:44.000Z",
        "feeHistory": []
    },
    {
        "id": 307,
        "electionType": "constituencyMunicipalityElectionType",
        "subType": "partyStructure",
        "category": "veterans",
        "position": "vice chairman",
        "amount": "150000.00",
        "isActive": true,
        "createdAt": "2024-12-14T10:34:44.000Z",
        "updatedAt": "2024-12-14T10:34:44.000Z",
        "feeHistory": []
    },
    {
        "id": 286,
        "electionType": "constituencyMunicipalityElectionType",
        "subType": "partyStructure",
        "category": "women",
        "position": "chairman",
        "amount": "200000.00",
        "isActive": true,
        "createdAt": "2024-12-14T10:34:44.000Z",
        "updatedAt": "2024-12-14T10:34:44.000Z",
        "feeHistory": []
    },
    {
        "id": 289,
        "electionType": "constituencyMunicipalityElectionType",
        "subType": "partyStructure",
        "category": "women",
        "position": "general secretary",
        "amount": "150000.00",
        "isActive": true,
        "createdAt": "2024-12-14T10:34:44.000Z",
        "updatedAt": "2024-12-14T10:34:44.000Z",
        "feeHistory": []
    },
    {
        "id": 288,
        "electionType": "constituencyMunicipalityElectionType",
        "subType": "partyStructure",
        "category": "women",
        "position": "secretary finance",
        "amount": "150000.00",
        "isActive": true,
        "createdAt": "2024-12-14T10:34:44.000Z",
        "updatedAt": "2024-12-14T10:34:44.000Z",
        "feeHistory": []
    },
    {
        "id": 290,
        "electionType": "constituencyMunicipalityElectionType",
        "subType": "partyStructure",
        "category": "women",
        "position": "secretary publicity",
        "amount": "150000.00",
        "isActive": true,
        "createdAt": "2024-12-14T10:34:44.000Z",
        "updatedAt": "2024-12-14T10:34:44.000Z",
        "feeHistory": []
    },
    {
        "id": 287,
        "electionType": "constituencyMunicipalityElectionType",
        "subType": "partyStructure",
        "category": "women",
        "position": "vice chairman",
        "amount": "150000.00",
        "isActive": true,
        "createdAt": "2024-12-14T10:34:44.000Z",
        "updatedAt": "2024-12-14T10:34:44.000Z",
        "feeHistory": []
    },
    {
        "id": 281,
        "electionType": "constituencyMunicipalityElectionType",
        "subType": "partyStructure",
        "category": "youth",
        "position": "chairman",
        "amount": "200000.00",
        "isActive": true,
        "createdAt": "2024-12-14T10:34:44.000Z",
        "updatedAt": "2024-12-14T10:34:44.000Z",
        "feeHistory": []
    },
    {
        "id": 284,
        "electionType": "constituencyMunicipalityElectionType",
        "subType": "partyStructure",
        "category": "youth",
        "position": "general secretary",
        "amount": "150000.00",
        "isActive": true,
        "createdAt": "2024-12-14T10:34:44.000Z",
        "updatedAt": "2024-12-14T10:34:44.000Z",
        "feeHistory": []
    },
    {
        "id": 283,
        "electionType": "constituencyMunicipalityElectionType",
        "subType": "partyStructure",
        "category": "youth",
        "position": "secretary finance",
        "amount": "150000.00",
        "isActive": true,
        "createdAt": "2024-12-14T10:34:44.000Z",
        "updatedAt": "2024-12-14T10:34:44.000Z",
        "feeHistory": []
    },
    {
        "id": 285,
        "electionType": "constituencyMunicipalityElectionType",
        "subType": "partyStructure",
        "category": "youth",
        "position": "secretary publicity",
        "amount": "150000.00",
        "isActive": true,
        "createdAt": "2024-12-14T10:34:44.000Z",
        "updatedAt": "2024-12-14T10:34:44.000Z",
        "feeHistory": []
    },
    {
        "id": 282,
        "electionType": "constituencyMunicipalityElectionType",
        "subType": "partyStructure",
        "category": "youth",
        "position": "vice chairman",
        "amount": "150000.00",
        "isActive": true,
        "createdAt": "2024-12-14T10:34:44.000Z",
        "updatedAt": "2024-12-14T10:34:44.000Z",
        "feeHistory": []
    },
    {
        "id": 351,
        "electionType": "subcountiesDivisionsElectionType",
        "subType": "lc3",
        "category": null,
        "position": "chairperson",
        "amount": "150000.00",
        "isActive": true,
        "createdAt": "2024-12-14T10:34:44.000Z",
        "updatedAt": "2024-12-14T10:34:44.000Z",
        "feeHistory": []
    },
    {
        "id": 336,
        "electionType": "subcountiesDivisionsElectionType",
        "subType": "partyStructure",
        "category": "elders",
        "position": "chairman",
        "amount": "200000.00",
        "isActive": true,
        "createdAt": "2024-12-14T10:34:44.000Z",
        "updatedAt": "2024-12-14T10:34:44.000Z",
        "feeHistory": []
    },
    {
        "id": 339,
        "electionType": "subcountiesDivisionsElectionType",
        "subType": "partyStructure",
        "category": "elders",
        "position": "general secretary",
        "amount": "150000.00",
        "isActive": true,
        "createdAt": "2024-12-14T10:34:44.000Z",
        "updatedAt": "2024-12-14T10:34:44.000Z",
        "feeHistory": []
    },
    {
        "id": 338,
        "electionType": "subcountiesDivisionsElectionType",
        "subType": "partyStructure",
        "category": "elders",
        "position": "secretary finance",
        "amount": "150000.00",
        "isActive": true,
        "createdAt": "2024-12-14T10:34:44.000Z",
        "updatedAt": "2024-12-14T10:34:44.000Z",
        "feeHistory": []
    },
    {
        "id": 340,
        "electionType": "subcountiesDivisionsElectionType",
        "subType": "partyStructure",
        "category": "elders",
        "position": "secretary publicity",
        "amount": "150000.00",
        "isActive": true,
        "createdAt": "2024-12-14T10:34:44.000Z",
        "updatedAt": "2024-12-14T10:34:44.000Z",
        "feeHistory": []
    },
    {
        "id": 337,
        "electionType": "subcountiesDivisionsElectionType",
        "subType": "partyStructure",
        "category": "elders",
        "position": "vice chairman",
        "amount": "150000.00",
        "isActive": true,
        "createdAt": "2024-12-14T10:34:44.000Z",
        "updatedAt": "2024-12-14T10:34:44.000Z",
        "feeHistory": []
    },
    {
        "id": 341,
        "electionType": "subcountiesDivisionsElectionType",
        "subType": "partyStructure",
        "category": "mainstream",
        "position": "chairman",
        "amount": "50000.00",
        "isActive": true,
        "createdAt": "2024-12-14T10:34:44.000Z",
        "updatedAt": "2024-12-14T10:34:44.000Z",
        "feeHistory": []
    },
    {
        "id": 344,
        "electionType": "subcountiesDivisionsElectionType",
        "subType": "partyStructure",
        "category": "mainstream",
        "position": "general secretary",
        "amount": "150000.00",
        "isActive": true,
        "createdAt": "2024-12-14T10:34:44.000Z",
        "updatedAt": "2024-12-14T10:34:44.000Z",
        "feeHistory": []
    },
    {
        "id": 343,
        "electionType": "subcountiesDivisionsElectionType",
        "subType": "partyStructure",
        "category": "mainstream",
        "position": "secretary finance",
        "amount": "150000.00",
        "isActive": true,
        "createdAt": "2024-12-14T10:34:44.000Z",
        "updatedAt": "2024-12-14T10:34:44.000Z",
        "feeHistory": []
    },
    {
        "id": 345,
        "electionType": "subcountiesDivisionsElectionType",
        "subType": "partyStructure",
        "category": "mainstream",
        "position": "secretary publicity",
        "amount": "150000.00",
        "isActive": true,
        "createdAt": "2024-12-14T10:34:44.000Z",
        "updatedAt": "2024-12-14T10:34:44.000Z",
        "feeHistory": []
    },
    {
        "id": 342,
        "electionType": "subcountiesDivisionsElectionType",
        "subType": "partyStructure",
        "category": "mainstream",
        "position": "vice chairman",
        "amount": "150000.00",
        "isActive": true,
        "createdAt": "2024-12-14T10:34:44.000Z",
        "updatedAt": "2024-12-14T10:34:44.000Z",
        "feeHistory": []
    },
    {
        "id": 331,
        "electionType": "subcountiesDivisionsElectionType",
        "subType": "partyStructure",
        "category": "pwds",
        "position": "chairman",
        "amount": "200000.00",
        "isActive": true,
        "createdAt": "2024-12-14T10:34:44.000Z",
        "updatedAt": "2024-12-14T10:34:44.000Z",
        "feeHistory": []
    },
    {
        "id": 334,
        "electionType": "subcountiesDivisionsElectionType",
        "subType": "partyStructure",
        "category": "pwds",
        "position": "general secretary",
        "amount": "150000.00",
        "isActive": true,
        "createdAt": "2024-12-14T10:34:44.000Z",
        "updatedAt": "2024-12-14T10:34:44.000Z",
        "feeHistory": []
    },
    {
        "id": 333,
        "electionType": "subcountiesDivisionsElectionType",
        "subType": "partyStructure",
        "category": "pwds",
        "position": "secretary finance",
        "amount": "150000.00",
        "isActive": true,
        "createdAt": "2024-12-14T10:34:44.000Z",
        "updatedAt": "2024-12-14T10:34:44.000Z",
        "feeHistory": []
    },
    {
        "id": 335,
        "electionType": "subcountiesDivisionsElectionType",
        "subType": "partyStructure",
        "category": "pwds",
        "position": "secretary publicity",
        "amount": "150000.00",
        "isActive": true,
        "createdAt": "2024-12-14T10:34:44.000Z",
        "updatedAt": "2024-12-14T10:34:44.000Z",
        "feeHistory": []
    },
    {
        "id": 332,
        "electionType": "subcountiesDivisionsElectionType",
        "subType": "partyStructure",
        "category": "pwds",
        "position": "vice chairman",
        "amount": "150000.00",
        "isActive": true,
        "createdAt": "2024-12-14T10:34:44.000Z",
        "updatedAt": "2024-12-14T10:34:44.000Z",
        "feeHistory": []
    },
    {
        "id": 346,
        "electionType": "subcountiesDivisionsElectionType",
        "subType": "partyStructure",
        "category": "veterans",
        "position": "chairman",
        "amount": "200000.00",
        "isActive": true,
        "createdAt": "2024-12-14T10:34:44.000Z",
        "updatedAt": "2024-12-14T10:34:44.000Z",
        "feeHistory": []
    },
    {
        "id": 349,
        "electionType": "subcountiesDivisionsElectionType",
        "subType": "partyStructure",
        "category": "veterans",
        "position": "general secretary",
        "amount": "150000.00",
        "isActive": true,
        "createdAt": "2024-12-14T10:34:44.000Z",
        "updatedAt": "2024-12-14T10:34:44.000Z",
        "feeHistory": []
    },
    {
        "id": 348,
        "electionType": "subcountiesDivisionsElectionType",
        "subType": "partyStructure",
        "category": "veterans",
        "position": "secretary finance",
        "amount": "150000.00",
        "isActive": true,
        "createdAt": "2024-12-14T10:34:44.000Z",
        "updatedAt": "2024-12-14T10:34:44.000Z",
        "feeHistory": []
    },
    {
        "id": 350,
        "electionType": "subcountiesDivisionsElectionType",
        "subType": "partyStructure",
        "category": "veterans",
        "position": "secretary publicity",
        "amount": "150000.00",
        "isActive": true,
        "createdAt": "2024-12-14T10:34:44.000Z",
        "updatedAt": "2024-12-14T10:34:44.000Z",
        "feeHistory": []
    },
    {
        "id": 347,
        "electionType": "subcountiesDivisionsElectionType",
        "subType": "partyStructure",
        "category": "veterans",
        "position": "vice chairman",
        "amount": "150000.00",
        "isActive": true,
        "createdAt": "2024-12-14T10:34:44.000Z",
        "updatedAt": "2024-12-14T10:34:44.000Z",
        "feeHistory": []
    },
    {
        "id": 326,
        "electionType": "subcountiesDivisionsElectionType",
        "subType": "partyStructure",
        "category": "women",
        "position": "chairman",
        "amount": "200000.00",
        "isActive": true,
        "createdAt": "2024-12-14T10:34:44.000Z",
        "updatedAt": "2024-12-14T10:34:44.000Z",
        "feeHistory": []
    },
    {
        "id": 329,
        "electionType": "subcountiesDivisionsElectionType",
        "subType": "partyStructure",
        "category": "women",
        "position": "general secretary",
        "amount": "150000.00",
        "isActive": true,
        "createdAt": "2024-12-14T10:34:44.000Z",
        "updatedAt": "2024-12-14T10:34:44.000Z",
        "feeHistory": []
    },
    {
        "id": 328,
        "electionType": "subcountiesDivisionsElectionType",
        "subType": "partyStructure",
        "category": "women",
        "position": "secretary finance",
        "amount": "150000.00",
        "isActive": true,
        "createdAt": "2024-12-14T10:34:44.000Z",
        "updatedAt": "2024-12-14T10:34:44.000Z",
        "feeHistory": []
    },
    {
        "id": 330,
        "electionType": "subcountiesDivisionsElectionType",
        "subType": "partyStructure",
        "category": "women",
        "position": "secretary publicity",
        "amount": "150000.00",
        "isActive": true,
        "createdAt": "2024-12-14T10:34:44.000Z",
        "updatedAt": "2024-12-14T10:34:44.000Z",
        "feeHistory": []
    },
    {
        "id": 327,
        "electionType": "subcountiesDivisionsElectionType",
        "subType": "partyStructure",
        "category": "women",
        "position": "vice chairman",
        "amount": "150000.00",
        "isActive": true,
        "createdAt": "2024-12-14T10:34:44.000Z",
        "updatedAt": "2024-12-14T10:34:44.000Z",
        "feeHistory": []
    },
    {
        "id": 321,
        "electionType": "subcountiesDivisionsElectionType",
        "subType": "partyStructure",
        "category": "youth",
        "position": "chairman",
        "amount": "200000.00",
        "isActive": true,
        "createdAt": "2024-12-14T10:34:44.000Z",
        "updatedAt": "2024-12-14T10:34:44.000Z",
        "feeHistory": []
    },
    {
        "id": 324,
        "electionType": "subcountiesDivisionsElectionType",
        "subType": "partyStructure",
        "category": "youth",
        "position": "general secretary",
        "amount": "150000.00",
        "isActive": true,
        "createdAt": "2024-12-14T10:34:44.000Z",
        "updatedAt": "2024-12-14T10:34:44.000Z",
        "feeHistory": []
    },
    {
        "id": 323,
        "electionType": "subcountiesDivisionsElectionType",
        "subType": "partyStructure",
        "category": "youth",
        "position": "secretary finance",
        "amount": "150000.00",
        "isActive": true,
        "createdAt": "2024-12-14T10:34:44.000Z",
        "updatedAt": "2024-12-14T10:34:44.000Z",
        "feeHistory": []
    },
    {
        "id": 325,
        "electionType": "subcountiesDivisionsElectionType",
        "subType": "partyStructure",
        "category": "youth",
        "position": "secretary publicity",
        "amount": "150000.00",
        "isActive": true,
        "createdAt": "2024-12-14T10:34:44.000Z",
        "updatedAt": "2024-12-14T10:34:44.000Z",
        "feeHistory": []
    },
    {
        "id": 322,
        "electionType": "subcountiesDivisionsElectionType",
        "subType": "partyStructure",
        "category": "youth",
        "position": "vice chairman",
        "amount": "150000.00",
        "isActive": true,
        "createdAt": "2024-12-14T10:34:44.000Z",
        "updatedAt": "2024-12-14T10:34:44.000Z",
        "feeHistory": []
    },
    {
        "id": 352,
        "electionType": "subcountiesDivisionsElectionType",
        "subType": "SubcountyCouncillors",
        "category": null,
        "position": "direct councillor",
        "amount": "20000.00",
        "isActive": true,
        "createdAt": "2024-12-14T10:34:44.000Z",
        "updatedAt": "2024-12-14T10:34:44.000Z",
        "feeHistory": []
    },
    {
        "id": 353,
        "electionType": "subcountiesDivisionsElectionType",
        "subType": "SubcountyCouncillors",
        "category": null,
        "position": "female councillor",
        "amount": "20000.00",
        "isActive": true,
        "createdAt": "2024-12-14T10:34:44.000Z",
        "updatedAt": "2024-12-14T10:34:44.000Z",
        "feeHistory": []
    },
    {
        "id": 356,
        "electionType": "subcountiesDivisionsElectionType",
        "subType": "SubcountySIGCouncillors",
        "category": null,
        "position": "elder councillor",
        "amount": "20000.00",
        "isActive": true,
        "createdAt": "2024-12-14T10:34:44.000Z",
        "updatedAt": "2024-12-14T10:34:44.000Z",
        "feeHistory": []
    },
    {
        "id": 355,
        "electionType": "subcountiesDivisionsElectionType",
        "subType": "SubcountySIGCouncillors",
        "category": null,
        "position": "pwd councillor",
        "amount": "20000.00",
        "isActive": true,
        "createdAt": "2024-12-14T10:34:44.000Z",
        "updatedAt": "2024-12-14T10:34:44.000Z",
        "feeHistory": []
    },
    {
        "id": 354,
        "electionType": "subcountiesDivisionsElectionType",
        "subType": "SubcountySIGCouncillors",
        "category": null,
        "position": "youth councillor",
        "amount": "20000.00",
        "isActive": true,
        "createdAt": "2024-12-14T10:34:44.000Z",
        "updatedAt": "2024-12-14T10:34:44.000Z",
        "feeHistory": []
    },
    {
        "id": 382,
        "electionType": "parishwardElectionType",
        "subType": "lc2",
        "category": null,
        "position": null,
        "amount": "150000.00",
        "isActive": true,
        "createdAt": "2024-12-14T10:34:44.000Z",
        "updatedAt": "2024-12-14T10:34:44.000Z",
        "feeHistory": []
    },
    {
        "id": 372,
        "electionType": "parishwardElectionType",
        "subType": "partyStructure",
        "category": "elders",
        "position": "chairman",
        "amount": "50000.00",
        "isActive": true,
        "createdAt": "2024-12-14T10:34:44.000Z",
        "updatedAt": "2024-12-14T10:34:44.000Z",
        "feeHistory": []
    },
    {
        "id": 375,
        "electionType": "parishwardElectionType",
        "subType": "partyStructure",
        "category": "elders",
        "position": "general secretary",
        "amount": "150000.00",
        "isActive": true,
        "createdAt": "2024-12-14T10:34:44.000Z",
        "updatedAt": "2024-12-14T10:34:44.000Z",
        "feeHistory": []
    },
    {
        "id": 374,
        "electionType": "parishwardElectionType",
        "subType": "partyStructure",
        "category": "elders",
        "position": "secretary finance",
        "amount": "150000.00",
        "isActive": true,
        "createdAt": "2024-12-14T10:34:44.000Z",
        "updatedAt": "2024-12-14T10:34:44.000Z",
        "feeHistory": []
    },
    {
        "id": 376,
        "electionType": "parishwardElectionType",
        "subType": "partyStructure",
        "category": "elders",
        "position": "secretary publicity",
        "amount": "150000.00",
        "isActive": true,
        "createdAt": "2024-12-14T10:34:44.000Z",
        "updatedAt": "2024-12-14T10:34:44.000Z",
        "feeHistory": []
    },
    {
        "id": 373,
        "electionType": "parishwardElectionType",
        "subType": "partyStructure",
        "category": "elders",
        "position": "vice chairman",
        "amount": "150000.00",
        "isActive": true,
        "createdAt": "2024-12-14T10:34:44.000Z",
        "updatedAt": "2024-12-14T10:34:44.000Z",
        "feeHistory": []
    },
    {
        "id": 377,
        "electionType": "parishwardElectionType",
        "subType": "partyStructure",
        "category": "mainstream",
        "position": "chairman",
        "amount": "50000.00",
        "isActive": true,
        "createdAt": "2024-12-14T10:34:44.000Z",
        "updatedAt": "2024-12-14T10:34:44.000Z",
        "feeHistory": []
    },
    {
        "id": 380,
        "electionType": "parishwardElectionType",
        "subType": "partyStructure",
        "category": "mainstream",
        "position": "general secretary",
        "amount": "150000.00",
        "isActive": true,
        "createdAt": "2024-12-14T10:34:44.000Z",
        "updatedAt": "2024-12-14T10:34:44.000Z",
        "feeHistory": []
    },
    {
        "id": 379,
        "electionType": "parishwardElectionType",
        "subType": "partyStructure",
        "category": "mainstream",
        "position": "secretary finance",
        "amount": "150000.00",
        "isActive": true,
        "createdAt": "2024-12-14T10:34:44.000Z",
        "updatedAt": "2024-12-14T10:34:44.000Z",
        "feeHistory": []
    },
    {
        "id": 381,
        "electionType": "parishwardElectionType",
        "subType": "partyStructure",
        "category": "mainstream",
        "position": "secretary publicity",
        "amount": "150000.00",
        "isActive": true,
        "createdAt": "2024-12-14T10:34:44.000Z",
        "updatedAt": "2024-12-14T10:34:44.000Z",
        "feeHistory": []
    },
    {
        "id": 378,
        "electionType": "parishwardElectionType",
        "subType": "partyStructure",
        "category": "mainstream",
        "position": "vice chairman",
        "amount": "150000.00",
        "isActive": true,
        "createdAt": "2024-12-14T10:34:44.000Z",
        "updatedAt": "2024-12-14T10:34:44.000Z",
        "feeHistory": []
    },
    {
        "id": 367,
        "electionType": "parishwardElectionType",
        "subType": "partyStructure",
        "category": "pwds",
        "position": "chairman",
        "amount": "50000.00",
        "isActive": true,
        "createdAt": "2024-12-14T10:34:44.000Z",
        "updatedAt": "2024-12-14T10:34:44.000Z",
        "feeHistory": []
    },
    {
        "id": 370,
        "electionType": "parishwardElectionType",
        "subType": "partyStructure",
        "category": "pwds",
        "position": "general secretary",
        "amount": "150000.00",
        "isActive": true,
        "createdAt": "2024-12-14T10:34:44.000Z",
        "updatedAt": "2024-12-14T10:34:44.000Z",
        "feeHistory": []
    },
    {
        "id": 369,
        "electionType": "parishwardElectionType",
        "subType": "partyStructure",
        "category": "pwds",
        "position": "secretary finance",
        "amount": "150000.00",
        "isActive": true,
        "createdAt": "2024-12-14T10:34:44.000Z",
        "updatedAt": "2024-12-14T10:34:44.000Z",
        "feeHistory": []
    },
    {
        "id": 371,
        "electionType": "parishwardElectionType",
        "subType": "partyStructure",
        "category": "pwds",
        "position": "secretary publicity",
        "amount": "150000.00",
        "isActive": true,
        "createdAt": "2024-12-14T10:34:44.000Z",
        "updatedAt": "2024-12-14T10:34:44.000Z",
        "feeHistory": []
    },
    {
        "id": 368,
        "electionType": "parishwardElectionType",
        "subType": "partyStructure",
        "category": "pwds",
        "position": "vice chairman",
        "amount": "150000.00",
        "isActive": true,
        "createdAt": "2024-12-14T10:34:44.000Z",
        "updatedAt": "2024-12-14T10:34:44.000Z",
        "feeHistory": []
    },
    {
        "id": 362,
        "electionType": "parishwardElectionType",
        "subType": "partyStructure",
        "category": "women",
        "position": "chairman",
        "amount": "50000.00",
        "isActive": true,
        "createdAt": "2024-12-14T10:34:44.000Z",
        "updatedAt": "2024-12-14T10:34:44.000Z",
        "feeHistory": []
    },
    {
        "id": 365,
        "electionType": "parishwardElectionType",
        "subType": "partyStructure",
        "category": "women",
        "position": "general secretary",
        "amount": "150000.00",
        "isActive": true,
        "createdAt": "2024-12-14T10:34:44.000Z",
        "updatedAt": "2024-12-14T10:34:44.000Z",
        "feeHistory": []
    },
    {
        "id": 364,
        "electionType": "parishwardElectionType",
        "subType": "partyStructure",
        "category": "women",
        "position": "secretary finance",
        "amount": "150000.00",
        "isActive": true,
        "createdAt": "2024-12-14T10:34:44.000Z",
        "updatedAt": "2024-12-14T10:34:44.000Z",
        "feeHistory": []
    },
    {
        "id": 366,
        "electionType": "parishwardElectionType",
        "subType": "partyStructure",
        "category": "women",
        "position": "secretary publicity",
        "amount": "150000.00",
        "isActive": true,
        "createdAt": "2024-12-14T10:34:44.000Z",
        "updatedAt": "2024-12-14T10:34:44.000Z",
        "feeHistory": []
    },
    {
        "id": 363,
        "electionType": "parishwardElectionType",
        "subType": "partyStructure",
        "category": "women",
        "position": "vice chairman",
        "amount": "150000.00",
        "isActive": true,
        "createdAt": "2024-12-14T10:34:44.000Z",
        "updatedAt": "2024-12-14T10:34:44.000Z",
        "feeHistory": []
    },
    {
        "id": 357,
        "electionType": "parishwardElectionType",
        "subType": "partyStructure",
        "category": "youth",
        "position": "chairman",
        "amount": "50000.00",
        "isActive": true,
        "createdAt": "2024-12-14T10:34:44.000Z",
        "updatedAt": "2024-12-14T10:34:44.000Z",
        "feeHistory": []
    },
    {
        "id": 360,
        "electionType": "parishwardElectionType",
        "subType": "partyStructure",
        "category": "youth",
        "position": "general secretary",
        "amount": "150000.00",
        "isActive": true,
        "createdAt": "2024-12-14T10:34:44.000Z",
        "updatedAt": "2024-12-14T10:34:44.000Z",
        "feeHistory": []
    },
    {
        "id": 359,
        "electionType": "parishwardElectionType",
        "subType": "partyStructure",
        "category": "youth",
        "position": "secretary finance",
        "amount": "150000.00",
        "isActive": true,
        "createdAt": "2024-12-14T10:34:44.000Z",
        "updatedAt": "2024-12-14T10:34:44.000Z",
        "feeHistory": []
    },
    {
        "id": 361,
        "electionType": "parishwardElectionType",
        "subType": "partyStructure",
        "category": "youth",
        "position": "secretary publicity",
        "amount": "150000.00",
        "isActive": true,
        "createdAt": "2024-12-14T10:34:44.000Z",
        "updatedAt": "2024-12-14T10:34:44.000Z",
        "feeHistory": []
    },
    {
        "id": 358,
        "electionType": "parishwardElectionType",
        "subType": "partyStructure",
        "category": "youth",
        "position": "vice chairman",
        "amount": "150000.00",
        "isActive": true,
        "createdAt": "2024-12-14T10:34:44.000Z",
        "updatedAt": "2024-12-14T10:34:44.000Z",
        "feeHistory": []
    },
    {
        "id": 413,
        "electionType": "villageCellElectionType",
        "subType": "lc1",
        "category": null,
        "position": null,
        "amount": "150000.00",
        "isActive": true,
        "createdAt": "2024-12-14T10:34:44.000Z",
        "updatedAt": "2024-12-14T10:34:44.000Z",
        "feeHistory": []
    },
    {
        "id": 398,
        "electionType": "villageCellElectionType",
        "subType": "partyStructure",
        "category": "elders",
        "position": "chairman",
        "amount": "50000.00",
        "isActive": true,
        "createdAt": "2024-12-14T10:34:44.000Z",
        "updatedAt": "2024-12-14T10:34:44.000Z",
        "feeHistory": []
    },
    {
        "id": 401,
        "electionType": "villageCellElectionType",
        "subType": "partyStructure",
        "category": "elders",
        "position": "general secretary",
        "amount": "150000.00",
        "isActive": true,
        "createdAt": "2024-12-14T10:34:44.000Z",
        "updatedAt": "2024-12-14T10:34:44.000Z",
        "feeHistory": []
    },
    {
        "id": 400,
        "electionType": "villageCellElectionType",
        "subType": "partyStructure",
        "category": "elders",
        "position": "secretary finance",
        "amount": "150000.00",
        "isActive": true,
        "createdAt": "2024-12-14T10:34:44.000Z",
        "updatedAt": "2024-12-14T10:34:44.000Z",
        "feeHistory": []
    },
    {
        "id": 402,
        "electionType": "villageCellElectionType",
        "subType": "partyStructure",
        "category": "elders",
        "position": "secretary publicity",
        "amount": "150000.00",
        "isActive": true,
        "createdAt": "2024-12-14T10:34:44.000Z",
        "updatedAt": "2024-12-14T10:34:44.000Z",
        "feeHistory": []
    },
    {
        "id": 399,
        "electionType": "villageCellElectionType",
        "subType": "partyStructure",
        "category": "elders",
        "position": "vice chairman",
        "amount": "150000.00",
        "isActive": true,
        "createdAt": "2024-12-14T10:34:44.000Z",
        "updatedAt": "2024-12-14T10:34:44.000Z",
        "feeHistory": []
    },
    {
        "id": 403,
        "electionType": "villageCellElectionType",
        "subType": "partyStructure",
        "category": "mainstream",
        "position": "chairman",
        "amount": "50000.00",
        "isActive": true,
        "createdAt": "2024-12-14T10:34:44.000Z",
        "updatedAt": "2024-12-14T10:34:44.000Z",
        "feeHistory": []
    },
    {
        "id": 406,
        "electionType": "villageCellElectionType",
        "subType": "partyStructure",
        "category": "mainstream",
        "position": "general secretary",
        "amount": "150000.00",
        "isActive": true,
        "createdAt": "2024-12-14T10:34:44.000Z",
        "updatedAt": "2024-12-14T10:34:44.000Z",
        "feeHistory": []
    },
    {
        "id": 405,
        "electionType": "villageCellElectionType",
        "subType": "partyStructure",
        "category": "mainstream",
        "position": "secretary finance",
        "amount": "150000.00",
        "isActive": true,
        "createdAt": "2024-12-14T10:34:44.000Z",
        "updatedAt": "2024-12-14T10:34:44.000Z",
        "feeHistory": []
    },
    {
        "id": 407,
        "electionType": "villageCellElectionType",
        "subType": "partyStructure",
        "category": "mainstream",
        "position": "secretary publicity",
        "amount": "150000.00",
        "isActive": true,
        "createdAt": "2024-12-14T10:34:44.000Z",
        "updatedAt": "2024-12-14T10:34:44.000Z",
        "feeHistory": []
    },
    {
        "id": 404,
        "electionType": "villageCellElectionType",
        "subType": "partyStructure",
        "category": "mainstream",
        "position": "vice chairman",
        "amount": "150000.00",
        "isActive": true,
        "createdAt": "2024-12-14T10:34:44.000Z",
        "updatedAt": "2024-12-14T10:34:44.000Z",
        "feeHistory": []
    },
    {
        "id": 393,
        "electionType": "villageCellElectionType",
        "subType": "partyStructure",
        "category": "pwds",
        "position": "chairman",
        "amount": "50000.00",
        "isActive": true,
        "createdAt": "2024-12-14T10:34:44.000Z",
        "updatedAt": "2024-12-14T10:34:44.000Z",
        "feeHistory": []
    },
    {
        "id": 396,
        "electionType": "villageCellElectionType",
        "subType": "partyStructure",
        "category": "pwds",
        "position": "general secretary",
        "amount": "150000.00",
        "isActive": true,
        "createdAt": "2024-12-14T10:34:44.000Z",
        "updatedAt": "2024-12-14T10:34:44.000Z",
        "feeHistory": []
    },
    {
        "id": 395,
        "electionType": "villageCellElectionType",
        "subType": "partyStructure",
        "category": "pwds",
        "position": "secretary finance",
        "amount": "150000.00",
        "isActive": true,
        "createdAt": "2024-12-14T10:34:44.000Z",
        "updatedAt": "2024-12-14T10:34:44.000Z",
        "feeHistory": []
    },
    {
        "id": 397,
        "electionType": "villageCellElectionType",
        "subType": "partyStructure",
        "category": "pwds",
        "position": "secretary publicity",
        "amount": "150000.00",
        "isActive": true,
        "createdAt": "2024-12-14T10:34:44.000Z",
        "updatedAt": "2024-12-14T10:34:44.000Z",
        "feeHistory": []
    },
    {
        "id": 394,
        "electionType": "villageCellElectionType",
        "subType": "partyStructure",
        "category": "pwds",
        "position": "vice chairman",
        "amount": "150000.00",
        "isActive": true,
        "createdAt": "2024-12-14T10:34:44.000Z",
        "updatedAt": "2024-12-14T10:34:44.000Z",
        "feeHistory": []
    },
    {
        "id": 408,
        "electionType": "villageCellElectionType",
        "subType": "partyStructure",
        "category": "veterans",
        "position": "chairman",
        "amount": "50000.00",
        "isActive": true,
        "createdAt": "2024-12-14T10:34:44.000Z",
        "updatedAt": "2024-12-14T10:34:44.000Z",
        "feeHistory": []
    },
    {
        "id": 411,
        "electionType": "villageCellElectionType",
        "subType": "partyStructure",
        "category": "veterans",
        "position": "general secretary",
        "amount": "150000.00",
        "isActive": true,
        "createdAt": "2024-12-14T10:34:44.000Z",
        "updatedAt": "2024-12-14T10:34:44.000Z",
        "feeHistory": []
    },
    {
        "id": 410,
        "electionType": "villageCellElectionType",
        "subType": "partyStructure",
        "category": "veterans",
        "position": "secretary finance",
        "amount": "150000.00",
        "isActive": true,
        "createdAt": "2024-12-14T10:34:44.000Z",
        "updatedAt": "2024-12-14T10:34:44.000Z",
        "feeHistory": []
    },
    {
        "id": 412,
        "electionType": "villageCellElectionType",
        "subType": "partyStructure",
        "category": "veterans",
        "position": "secretary publicity",
        "amount": "150000.00",
        "isActive": true,
        "createdAt": "2024-12-14T10:34:44.000Z",
        "updatedAt": "2024-12-14T10:34:44.000Z",
        "feeHistory": []
    },
    {
        "id": 409,
        "electionType": "villageCellElectionType",
        "subType": "partyStructure",
        "category": "veterans",
        "position": "vice chairman",
        "amount": "150000.00",
        "isActive": true,
        "createdAt": "2024-12-14T10:34:44.000Z",
        "updatedAt": "2024-12-14T10:34:44.000Z",
        "feeHistory": []
    },
    {
        "id": 388,
        "electionType": "villageCellElectionType",
        "subType": "partyStructure",
        "category": "women",
        "position": "chairman",
        "amount": "50000.00",
        "isActive": true,
        "createdAt": "2024-12-14T10:34:44.000Z",
        "updatedAt": "2024-12-14T10:34:44.000Z",
        "feeHistory": []
    },
    {
        "id": 391,
        "electionType": "villageCellElectionType",
        "subType": "partyStructure",
        "category": "women",
        "position": "general secretary",
        "amount": "150000.00",
        "isActive": true,
        "createdAt": "2024-12-14T10:34:44.000Z",
        "updatedAt": "2024-12-14T10:34:44.000Z",
        "feeHistory": []
    },
    {
        "id": 390,
        "electionType": "villageCellElectionType",
        "subType": "partyStructure",
        "category": "women",
        "position": "secretary finance",
        "amount": "150000.00",
        "isActive": true,
        "createdAt": "2024-12-14T10:34:44.000Z",
        "updatedAt": "2024-12-14T10:34:44.000Z",
        "feeHistory": []
    },
    {
        "id": 392,
        "electionType": "villageCellElectionType",
        "subType": "partyStructure",
        "category": "women",
        "position": "secretary publicity",
        "amount": "150000.00",
        "isActive": true,
        "createdAt": "2024-12-14T10:34:44.000Z",
        "updatedAt": "2024-12-14T10:34:44.000Z",
        "feeHistory": []
    },
    {
        "id": 389,
        "electionType": "villageCellElectionType",
        "subType": "partyStructure",
        "category": "women",
        "position": "vice chairman",
        "amount": "150000.00",
        "isActive": true,
        "createdAt": "2024-12-14T10:34:44.000Z",
        "updatedAt": "2024-12-14T10:34:44.000Z",
        "feeHistory": []
    },
    {
        "id": 383,
        "electionType": "villageCellElectionType",
        "subType": "partyStructure",
        "category": "youth",
        "position": "chairman",
        "amount": "50000.00",
        "isActive": true,
        "createdAt": "2024-12-14T10:34:44.000Z",
        "updatedAt": "2024-12-14T10:34:44.000Z",
        "feeHistory": []
    },
    {
        "id": 386,
        "electionType": "villageCellElectionType",
        "subType": "partyStructure",
        "category": "youth",
        "position": "general secretary",
        "amount": "150000.00",
        "isActive": true,
        "createdAt": "2024-12-14T10:34:44.000Z",
        "updatedAt": "2024-12-14T10:34:44.000Z",
        "feeHistory": []
    },
    {
        "id": 385,
        "electionType": "villageCellElectionType",
        "subType": "partyStructure",
        "category": "youth",
        "position": "secretary finance",
        "amount": "150000.00",
        "isActive": true,
        "createdAt": "2024-12-14T10:34:44.000Z",
        "updatedAt": "2024-12-14T10:34:44.000Z",
        "feeHistory": []
    },
    {
        "id": 387,
        "electionType": "villageCellElectionType",
        "subType": "partyStructure",
        "category": "youth",
        "position": "secretary publicity",
        "amount": "150000.00",
        "isActive": true,
        "createdAt": "2024-12-14T10:34:44.000Z",
        "updatedAt": "2024-12-14T10:34:44.000Z",
        "feeHistory": []
    },
    {
        "id": 384,
        "electionType": "villageCellElectionType",
        "subType": "partyStructure",
        "category": "youth",
        "position": "vice chairman",
        "amount": "150000.00",
        "isActive": true,
        "createdAt": "2024-12-14T10:34:44.000Z",
        "updatedAt": "2024-12-14T10:34:44.000Z",
        "feeHistory": []
    }
]